{
  "name": "flood-watch-ai",
  "version": "0.1.0",
  "lockfileVersion": 3,
  "requires": true,
  "packages": {
    "": {
      "name": "flood-watch-ai",
      "version": "0.1.0",
      "dependencies": {
        "@google/generative-ai": "^0.24.1",
        "@huggingface/inference": "^4.13.11",
        "groq-sdk": "^0.37.0",
        "next": "latest",
        "react": "latest",
        "react-dom": "latest"
      }
    },
    "node_modules/@emnapi/runtime": {
      "version": "1.8.1",
      "resolved": "https://registry.npmjs.org/@emnapi/runtime/-/runtime-1.8.1.tgz",
      "integrity": "sha512-mehfKSMWjjNol8659Z8KxEMrdSJDDot5SXMq00dM8BN4o+CLNXQ0xH2V7EchNHV4RmbZLmmPdEaXZc5H2FXmDg==",
      "license": "MIT",
      "optional": true,
      "dependencies": {
        "tslib": "^2.4.0"
      }
    },
    "node_modules/@google/generative-ai": {
      "version": "0.24.1",
      "resolved": "https://registry.npmjs.org/@google/generative-ai/-/generative-ai-0.24.1.tgz",
      "integrity": "sha512-MqO+MLfM6kjxcKoy0p1wRzG3b4ZZXtPI+z2IE26UogS2Cm/XHO+7gGRBh6gcJsOiIVoH93UwKvW4HdgiOZCy9Q==",
      "license": "Apache-2.0",
      "engines": {
        "node": ">=18.0.0"
      }
    },
    "node_modules/@huggingface/inference": {
      "version": "4.13.11",
      "resolved": "https://registry.npmjs.org/@huggingface/inference/-/inference-4.13.11.tgz",
      "integrity": "sha512-wygYsdlDIVNTBPyaGTuzqtotZOP6C9jsZ4AmXC06B5nGEs3IrwSQ9xp1Aa2cJylQYs3/y2BGN4gudsS+HV2v5w==",
      "license": "MIT",
      "dependencies": {
        "@huggingface/jinja": "^0.5.4",
        "@huggingface/tasks": "^0.19.82"
      },
      "engines": {
        "node": ">=18"
      }
    },
    "node_modules/@huggingface/jinja": {
      "version": "0.5.5",
      "resolved": "https://registry.npmjs.org/@huggingface/jinja/-/jinja-0.5.5.tgz",
      "integrity": "sha512-xRlzazC+QZwr6z4ixEqYHo9fgwhTZ3xNSdljlKfUFGZSdlvt166DljRELFUfFytlYOYvo3vTisA/AFOuOAzFQQ==",
      "license": "MIT",
      "engines": {
        "node": ">=18"
      }
    },
    "node_modules/@huggingface/tasks": {
      "version": "0.19.82",
      "resolved": "https://registry.npmjs.org/@huggingface/tasks/-/tasks-0.19.82.tgz",
      "integrity": "sha512-i8TzJb6Zk7KnYRL8unnYRuh/tW7ku3hJtQw972q/ZXvjkr/YIwWAAVxEfXuaj0vtCUbUljamJji6oWVG4+0PLQ==",
      "license": "MIT"
    },
    "node_modules/@img/colour": {
      "version": "1.0.0",
      "resolved": "https://registry.npmjs.org/@img/colour/-/colour-1.0.0.tgz",
      "integrity": "sha512-A5P/LfWGFSl6nsckYtjw9da+19jB8hkJ6ACTGcDfEJ0aE+l2n2El7dsVM7UVHZQ9s2lmYMWlrS21YLy2IR1LUw==",
      "license": "MIT",
      "optional": true,
      "engines": {
        "node": ">=18"
      }
    },
    "node_modules/@img/sharp-darwin-arm64": {
      "version": "0.34.5",
      "resolved": "https://registry.npmjs.org/@img/sharp-darwin-arm64/-/sharp-darwin-arm64-0.34.5.tgz",
      "integrity": "sha512-imtQ3WMJXbMY4fxb/Ndp6HBTNVtWCUI0WdobyheGf5+ad6xX8VIDO8u2xE4qc/fr08CKG/7dDseFtn6M6g/r3w==",
      "cpu": [
        "arm64"
      ],
      "license": "Apache-2.0",
      "optional": true,
      "os": [
        "darwin"
      ],
      "engines": {
        "node": "^18.17.0 || ^20.3.0 || >=21.0.0"
      },
      "funding": {
        "url": "https://opencollective.com/libvips"
      },
      "optionalDependencies": {
        "@img/sharp-libvips-darwin-arm64": "1.2.4"
      }
    },
    "node_modules/@img/sharp-darwin-x64": {
      "version": "0.34.5",
      "resolved": "https://registry.npmjs.org/@img/sharp-darwin-x64/-/sharp-darwin-x64-0.34.5.tgz",
      "integrity": "sha512-YNEFAF/4KQ/PeW0N+r+aVVsoIY0/qxxikF2SWdp+NRkmMB7y9LBZAVqQ4yhGCm/H3H270OSykqmQMKLBhBJDEw==",
      "cpu": [
        "x64"
      ],
      "license": "Apache-2.0",
      "optional": true,
      "os": [
        "darwin"
      ],
      "engines": {
        "node": "^18.17.0 || ^20.3.0 || >=21.0.0"
      },
      "funding": {
        "url": "https://opencollective.com/libvips"
      },
      "optionalDependencies": {
        "@img/sharp-libvips-darwin-x64": "1.2.4"
      }
    },
    "node_modules/@img/sharp-libvips-darwin-arm64": {
      "version": "1.2.4",
      "resolved": "https://registry.npmjs.org/@img/sharp-libvips-darwin-arm64/-/sharp-libvips-darwin-arm64-1.2.4.tgz",
      "integrity": "sha512-zqjjo7RatFfFoP0MkQ51jfuFZBnVE2pRiaydKJ1G/rHZvnsrHAOcQALIi9sA5co5xenQdTugCvtb1cuf78Vf4g==",
      "cpu": [
        "arm64"
      ],
      "license": "LGPL-3.0-or-later",
      "optional": true,
      "os": [
        "darwin"
      ],
      "funding": {
        "url": "https://opencollective.com/libvips"
      }
    },
    "node_modules/@img/sharp-libvips-darwin-x64": {
      "version": "1.2.4",
      "resolved": "https://registry.npmjs.org/@img/sharp-libvips-darwin-x64/-/sharp-libvips-darwin-x64-1.2.4.tgz",
      "integrity": "sha512-1IOd5xfVhlGwX+zXv2N93k0yMONvUlANylbJw1eTah8K/Jtpi15KC+WSiaX/nBmbm2HxRM1gZ0nSdjSsrZbGKg==",
      "cpu": [
        "x64"
      ],
      "license": "LGPL-3.0-or-later",
      "optional": true,
      "os": [
        "darwin"
      ],
      "funding": {
        "url": "https://opencollective.com/libvips"
      }
    },
    "node_modules/@img/sharp-libvips-linux-arm": {
      "version": "1.2.4",
      "resolved": "https://registry.npmjs.org/@img/sharp-libvips-linux-arm/-/sharp-libvips-linux-arm-1.2.4.tgz",
      "integrity": "sha512-bFI7xcKFELdiNCVov8e44Ia4u2byA+l3XtsAj+Q8tfCwO6BQ8iDojYdvoPMqsKDkuoOo+X6HZA0s0q11ANMQ8A==",
      "cpu": [
        "arm"
      ],
      "license": "LGPL-3.0-or-later",
      "optional": true,
      "os": [
        "linux"
      ],
      "funding": {
        "url": "https://opencollective.com/libvips"
      }
    },
    "node_modules/@img/sharp-libvips-linux-arm64": {
      "version": "1.2.4",
      "resolved": "https://registry.npmjs.org/@img/sharp-libvips-linux-arm64/-/sharp-libvips-linux-arm64-1.2.4.tgz",
      "integrity": "sha512-excjX8DfsIcJ10x1Kzr4RcWe1edC9PquDRRPx3YVCvQv+U5p7Yin2s32ftzikXojb1PIFc/9Mt28/y+iRklkrw==",
      "cpu": [
        "arm64"
      ],
      "license": "LGPL-3.0-or-later",
      "optional": true,
      "os": [
        "linux"
      ],
      "funding": {
        "url": "https://opencollective.com/libvips"
      }
    },
    "node_modules/@img/sharp-libvips-linux-ppc64": {
      "version": "1.2.4",
      "resolved": "https://registry.npmjs.org/@img/sharp-libvips-linux-ppc64/-/sharp-libvips-linux-ppc64-1.2.4.tgz",
      "integrity": "sha512-FMuvGijLDYG6lW+b/UvyilUWu5Ayu+3r2d1S8notiGCIyYU/76eig1UfMmkZ7vwgOrzKzlQbFSuQfgm7GYUPpA==",
      "cpu": [
        "ppc64"
      ],
      "license": "LGPL-3.0-or-later",
      "optional": true,
      "os": [
        "linux"
      ],
      "funding": {
        "url": "https://opencollective.com/libvips"
      }
    },
    "node_modules/@img/sharp-libvips-linux-riscv64": {
      "version": "1.2.4",
      "resolved": "https://registry.npmjs.org/@img/sharp-libvips-linux-riscv64/-/sharp-libvips-linux-riscv64-1.2.4.tgz",
      "integrity": "sha512-oVDbcR4zUC0ce82teubSm+x6ETixtKZBh/qbREIOcI3cULzDyb18Sr/Wcyx7NRQeQzOiHTNbZFF1UwPS2scyGA==",
      "cpu": [
        "riscv64"
      ],
      "license": "LGPL-3.0-or-later",
      "optional": true,
      "os": [
        "linux"
      ],
      "funding": {
        "url": "https://opencollective.com/libvips"
      }
    },
    "node_modules/@img/sharp-libvips-linux-s390x": {
      "version": "1.2.4",
      "resolved": "https://registry.npmjs.org/@img/sharp-libvips-linux-s390x/-/sharp-libvips-linux-s390x-1.2.4.tgz",
      "integrity": "sha512-qmp9VrzgPgMoGZyPvrQHqk02uyjA0/QrTO26Tqk6l4ZV0MPWIW6LTkqOIov+J1yEu7MbFQaDpwdwJKhbJvuRxQ==",
      "cpu": [
        "s390x"
      ],
      "license": "LGPL-3.0-or-later",
      "optional": true,
      "os": [
        "linux"
      ],
      "funding": {
        "url": "https://opencollective.com/libvips"
      }
    },
    "node_modules/@img/sharp-libvips-linux-x64": {
      "version": "1.2.4",
      "resolved": "https://registry.npmjs.org/@img/sharp-libvips-linux-x64/-/sharp-libvips-linux-x64-1.2.4.tgz",
      "integrity": "sha512-tJxiiLsmHc9Ax1bz3oaOYBURTXGIRDODBqhveVHonrHJ9/+k89qbLl0bcJns+e4t4rvaNBxaEZsFtSfAdquPrw==",
      "cpu": [
        "x64"
      ],
      "license": "LGPL-3.0-or-later",
      "optional": true,
      "os": [
        "linux"
      ],
      "funding": {
        "url": "https://opencollective.com/libvips"
      }
    },
    "node_modules/@img/sharp-libvips-linuxmusl-arm64": {
      "version": "1.2.4",
      "resolved": "https://registry.npmjs.org/@img/sharp-libvips-linuxmusl-arm64/-/sharp-libvips-linuxmusl-arm64-1.2.4.tgz",
      "integrity": "sha512-FVQHuwx1IIuNow9QAbYUzJ+En8KcVm9Lk5+uGUQJHaZmMECZmOlix9HnH7n1TRkXMS0pGxIJokIVB9SuqZGGXw==",
      "cpu": [
        "arm64"
      ],
      "license": "LGPL-3.0-or-later",
      "optional": true,
      "os": [
        "linux"
      ],
      "funding": {
        "url": "https://opencollective.com/libvips"
      }
    },
    "node_modules/@img/sharp-libvips-linuxmusl-x64": {
      "version": "1.2.4",
      "resolved": "https://registry.npmjs.org/@img/sharp-libvips-linuxmusl-x64/-/sharp-libvips-linuxmusl-x64-1.2.4.tgz",
      "integrity": "sha512-+LpyBk7L44ZIXwz/VYfglaX/okxezESc6UxDSoyo2Ks6Jxc4Y7sGjpgU9s4PMgqgjj1gZCylTieNamqA1MF7Dg==",
      "cpu": [
        "x64"
      ],
      "license": "LGPL-3.0-or-later",
      "optional": true,
      "os": [
        "linux"
      ],
      "funding": {
        "url": "https://opencollective.com/libvips"
      }
    },
    "node_modules/@img/sharp-linux-arm": {
      "version": "0.34.5",
      "resolved": "https://registry.npmjs.org/@img/sharp-linux-arm/-/sharp-linux-arm-0.34.5.tgz",
      "integrity": "sha512-9dLqsvwtg1uuXBGZKsxem9595+ujv0sJ6Vi8wcTANSFpwV/GONat5eCkzQo/1O6zRIkh0m/8+5BjrRr7jDUSZw==",
      "cpu": [
        "arm"
      ],
      "license": "Apache-2.0",
      "optional": true,
      "os": [
        "linux"
      ],
      "engines": {
        "node": "^18.17.0 || ^20.3.0 || >=21.0.0"
      },
      "funding": {
        "url": "https://opencollective.com/libvips"
      },
      "optionalDependencies": {
        "@img/sharp-libvips-linux-arm": "1.2.4"
      }
    },
    "node_modules/@img/sharp-linux-arm64": {
      "version": "0.34.5",
      "resolved": "https://registry.npmjs.org/@img/sharp-linux-arm64/-/sharp-linux-arm64-0.34.5.tgz",
      "integrity": "sha512-bKQzaJRY/bkPOXyKx5EVup7qkaojECG6NLYswgktOZjaXecSAeCWiZwwiFf3/Y+O1HrauiE3FVsGxFg8c24rZg==",
      "cpu": [
        "arm64"
      ],
      "license": "Apache-2.0",
      "optional": true,
      "os": [
        "linux"
      ],
      "engines": {
        "node": "^18.17.0 || ^20.3.0 || >=21.0.0"
      },
      "funding": {
        "url": "https://opencollective.com/libvips"
      },
      "optionalDependencies": {
        "@img/sharp-libvips-linux-arm64": "1.2.4"
      }
    },
    "node_modules/@img/sharp-linux-ppc64": {
      "version": "0.34.5",
      "resolved": "https://registry.npmjs.org/@img/sharp-linux-ppc64/-/sharp-linux-ppc64-0.34.5.tgz",
      "integrity": "sha512-7zznwNaqW6YtsfrGGDA6BRkISKAAE1Jo0QdpNYXNMHu2+0dTrPflTLNkpc8l7MUP5M16ZJcUvysVWWrMefZquA==",
      "cpu": [
        "ppc64"
      ],
      "license": "Apache-2.0",
      "optional": true,
      "os": [
        "linux"
      ],
      "engines": {
        "node": "^18.17.0 || ^20.3.0 || >=21.0.0"
      },
      "funding": {
        "url": "https://opencollective.com/libvips"
      },
      "optionalDependencies": {
        "@img/sharp-libvips-linux-ppc64": "1.2.4"
      }
    },
    "node_modules/@img/sharp-linux-riscv64": {
      "version": "0.34.5",
      "resolved": "https://registry.npmjs.org/@img/sharp-linux-riscv64/-/sharp-linux-riscv64-0.34.5.tgz",
      "integrity": "sha512-51gJuLPTKa7piYPaVs8GmByo7/U7/7TZOq+cnXJIHZKavIRHAP77e3N2HEl3dgiqdD/w0yUfiJnII77PuDDFdw==",
      "cpu": [
        "riscv64"
      ],
      "license": "Apache-2.0",
      "optional": true,
      "os": [
        "linux"
      ],
      "engines": {
        "node": "^18.17.0 || ^20.3.0 || >=21.0.0"
      },
      "funding": {
        "url": "https://opencollective.com/libvips"
      },
      "optionalDependencies": {
        "@img/sharp-libvips-linux-riscv64": "1.2.4"
      }
    },
    "node_modules/@img/sharp-linux-s390x": {
      "version": "0.34.5",
      "resolved": "https://registry.npmjs.org/@img/sharp-linux-s390x/-/sharp-linux-s390x-0.34.5.tgz",
      "integrity": "sha512-nQtCk0PdKfho3eC5MrbQoigJ2gd1CgddUMkabUj+rBevs8tZ2cULOx46E7oyX+04WGfABgIwmMC0VqieTiR4jg==",
      "cpu": [
        "s390x"
      ],
      "license": "Apache-2.0",
      "optional": true,
      "os": [
        "linux"
      ],
      "engines": {
        "node": "^18.17.0 || ^20.3.0 || >=21.0.0"
      },
      "funding": {
        "url": "https://opencollective.com/libvips"
      },
      "optionalDependencies": {
        "@img/sharp-libvips-linux-s390x": "1.2.4"
      }
    },
    "node_modules/@img/sharp-linux-x64": {
      "version": "0.34.5",
      "resolved": "https://registry.npmjs.org/@img/sharp-linux-x64/-/sharp-linux-x64-0.34.5.tgz",
      "integrity": "sha512-MEzd8HPKxVxVenwAa+JRPwEC7QFjoPWuS5NZnBt6B3pu7EG2Ge0id1oLHZpPJdn3OQK+BQDiw9zStiHBTJQQQQ==",
      "cpu": [
        "x64"
      ],
      "license": "Apache-2.0",
      "optional": true,
      "os": [
        "linux"
      ],
      "engines": {
        "node": "^18.17.0 || ^20.3.0 || >=21.0.0"
      },
      "funding": {
        "url": "https://opencollective.com/libvips"
      },
      "optionalDependencies": {
        "@img/sharp-libvips-linux-x64": "1.2.4"
      }
    },
    "node_modules/@img/sharp-linuxmusl-arm64": {
      "version": "0.34.5",
      "resolved": "https://registry.npmjs.org/@img/sharp-linuxmusl-arm64/-/sharp-linuxmusl-arm64-0.34.5.tgz",
      "integrity": "sha512-fprJR6GtRsMt6Kyfq44IsChVZeGN97gTD331weR1ex1c1rypDEABN6Tm2xa1wE6lYb5DdEnk03NZPqA7Id21yg==",
      "cpu": [
        "arm64"
      ],
      "license": "Apache-2.0",
      "optional": true,
      "os": [
        "linux"
      ],
      "engines": {
        "node": "^18.17.0 || ^20.3.0 || >=21.0.0"
      },
      "funding": {
        "url": "https://opencollective.com/libvips"
      },
      "optionalDependencies": {
        "@img/sharp-libvips-linuxmusl-arm64": "1.2.4"
      }
    },
    "node_modules/@img/sharp-linuxmusl-x64": {
      "version": "0.34.5",
      "resolved": "https://registry.npmjs.org/@img/sharp-linuxmusl-x64/-/sharp-linuxmusl-x64-0.34.5.tgz",
      "integrity": "sha512-Jg8wNT1MUzIvhBFxViqrEhWDGzqymo3sV7z7ZsaWbZNDLXRJZoRGrjulp60YYtV4wfY8VIKcWidjojlLcWrd8Q==",
      "cpu": [
        "x64"
      ],
      "license": "Apache-2.0",
      "optional": true,
      "os": [
        "linux"
      ],
      "engines": {
        "node": "^18.17.0 || ^20.3.0 || >=21.0.0"
      },
      "funding": {
        "url": "https://opencollective.com/libvips"
      },
      "optionalDependencies": {
        "@img/sharp-libvips-linuxmusl-x64": "1.2.4"
      }
    },
    "node_modules/@img/sharp-wasm32": {
      "version": "0.34.5",
      "resolved": "https://registry.npmjs.org/@img/sharp-wasm32/-/sharp-wasm32-0.34.5.tgz",
      "integrity": "sha512-OdWTEiVkY2PHwqkbBI8frFxQQFekHaSSkUIJkwzclWZe64O1X4UlUjqqqLaPbUpMOQk6FBu/HtlGXNblIs0huw==",
      "cpu": [
        "wasm32"
      ],
      "license": "Apache-2.0 AND LGPL-3.0-or-later AND MIT",
      "optional": true,
      "dependencies": {
        "@emnapi/runtime": "^1.7.0"
      },
      "engines": {
        "node": "^18.17.0 || ^20.3.0 || >=21.0.0"
      },
      "funding": {
        "url": "https://opencollective.com/libvips"
      }
    },
    "node_modules/@img/sharp-win32-arm64": {
      "version": "0.34.5",
      "resolved": "https://registry.npmjs.org/@img/sharp-win32-arm64/-/sharp-win32-arm64-0.34.5.tgz",
      "integrity": "sha512-WQ3AgWCWYSb2yt+IG8mnC6Jdk9Whs7O0gxphblsLvdhSpSTtmu69ZG1Gkb6NuvxsNACwiPV6cNSZNzt0KPsw7g==",
      "cpu": [
        "arm64"
      ],
      "license": "Apache-2.0 AND LGPL-3.0-or-later",
      "optional": true,
      "os": [
        "win32"
      ],
      "engines": {
        "node": "^18.17.0 || ^20.3.0 || >=21.0.0"
      },
      "funding": {
        "url": "https://opencollective.com/libvips"
      }
    },
    "node_modules/@img/sharp-win32-ia32": {
      "version": "0.34.5",
      "resolved": "https://registry.npmjs.org/@img/sharp-win32-ia32/-/sharp-win32-ia32-0.34.5.tgz",
      "integrity": "sha512-FV9m/7NmeCmSHDD5j4+4pNI8Cp3aW+JvLoXcTUo0IqyjSfAZJ8dIUmijx1qaJsIiU+Hosw6xM5KijAWRJCSgNg==",
      "cpu": [
        "ia32"
      ],
      "license": "Apache-2.0 AND LGPL-3.0-or-later",
      "optional": true,
      "os": [
        "win32"
      ],
      "engines": {
        "node": "^18.17.0 || ^20.3.0 || >=21.0.0"
      },
      "funding": {
        "url": "https://opencollective.com/libvips"
      }
    },
    "node_modules/@img/sharp-win32-x64": {
      "version": "0.34.5",
      "resolved": "https://registry.npmjs.org/@img/sharp-win32-x64/-/sharp-win32-x64-0.34.5.tgz",
      "integrity": "sha512-+29YMsqY2/9eFEiW93eqWnuLcWcufowXewwSNIT6UwZdUUCrM3oFjMWH/Z6/TMmb4hlFenmfAVbpWeup2jryCw==",
      "cpu": [
        "x64"
      ],
      "license": "Apache-2.0 AND LGPL-3.0-or-later",
      "optional": true,
      "os": [
        "win32"
      ],
      "engines": {
        "node": "^18.17.0 || ^20.3.0 || >=21.0.0"
      },
      "funding": {
        "url": "https://opencollective.com/libvips"
      }
    },
    "node_modules/@next/env": {
      "version": "16.1.6",
      "resolved": "https://registry.npmjs.org/@next/env/-/env-16.1.6.tgz",
      "integrity": "sha512-N1ySLuZjnAtN3kFnwhAwPvZah8RJxKasD7x1f8shFqhncnWZn4JMfg37diLNuoHsLAlrDfM3g4mawVdtAG8XLQ==",
      "license": "MIT"
    },
    "node_modules/@next/swc-darwin-arm64": {
      "version": "16.1.6",
      "resolved": "https://registry.npmjs.org/@next/swc-darwin-arm64/-/swc-darwin-arm64-16.1.6.tgz",
      "integrity": "sha512-wTzYulosJr/6nFnqGW7FrG3jfUUlEf8UjGA0/pyypJl42ExdVgC6xJgcXQ+V8QFn6niSG2Pb8+MIG1mZr2vczw==",
      "cpu": [
        "arm64"
      ],
      "license": "MIT",
      "optional": true,
      "os": [
        "darwin"
      ],
      "engines": {
        "node": ">= 10"
      }
    },
    "node_modules/@next/swc-darwin-x64": {
      "version": "16.1.6",
      "resolved": "https://registry.npmjs.org/@next/swc-darwin-x64/-/swc-darwin-x64-16.1.6.tgz",
      "integrity": "sha512-BLFPYPDO+MNJsiDWbeVzqvYd4NyuRrEYVB5k2N3JfWncuHAy2IVwMAOlVQDFjj+krkWzhY2apvmekMkfQR0CUQ==",
      "cpu": [
        "x64"
      ],
      "license": "MIT",
      "optional": true,
      "os": [
        "darwin"
      ],
      "engines": {
        "node": ">= 10"
      }
    },
    "node_modules/@next/swc-linux-arm64-gnu": {
      "version": "16.1.6",
      "resolved": "https://registry.npmjs.org/@next/swc-linux-arm64-gnu/-/swc-linux-arm64-gnu-16.1.6.tgz",
      "integrity": "sha512-OJYkCd5pj/QloBvoEcJ2XiMnlJkRv9idWA/j0ugSuA34gMT6f5b7vOiCQHVRpvStoZUknhl6/UxOXL4OwtdaBw==",
      "cpu": [
        "arm64"
      ],
      "license": "MIT",
      "optional": true,
      "os": [
        "linux"
      ],
      "engines": {
        "node": ">= 10"
      }
    },
    "node_modules/@next/swc-linux-arm64-musl": {
      "version": "16.1.6",
      "resolved": "https://registry.npmjs.org/@next/swc-linux-arm64-musl/-/swc-linux-arm64-musl-16.1.6.tgz",
      "integrity": "sha512-S4J2v+8tT3NIO9u2q+S0G5KdvNDjXfAv06OhfOzNDaBn5rw84DGXWndOEB7d5/x852A20sW1M56vhC/tRVbccQ==",
      "cpu": [
        "arm64"
      ],
      "license": "MIT",
      "optional": true,
      "os": [
        "linux"
      ],
      "engines": {
        "node": ">= 10"
      }
    },
    "node_modules/@next/swc-linux-x64-gnu": {
      "version": "16.1.6",
      "resolved": "https://registry.npmjs.org/@next/swc-linux-x64-gnu/-/swc-linux-x64-gnu-16.1.6.tgz",
      "integrity": "sha512-2eEBDkFlMMNQnkTyPBhQOAyn2qMxyG2eE7GPH2WIDGEpEILcBPI/jdSv4t6xupSP+ot/jkfrCShLAa7+ZUPcJQ==",
      "cpu": [
        "x64"
      ],
      "license": "MIT",
      "optional": true,
      "os": [
        "linux"
      ],
      "engines": {
        "node": ">= 10"
      }
    },
    "node_modules/@next/swc-linux-x64-musl": {
      "version": "16.1.6",
      "resolved": "https://registry.npmjs.org/@next/swc-linux-x64-musl/-/swc-linux-x64-musl-16.1.6.tgz",
      "integrity": "sha512-oicJwRlyOoZXVlxmIMaTq7f8pN9QNbdes0q2FXfRsPhfCi8n8JmOZJm5oo1pwDaFbnnD421rVU409M3evFbIqg==",
      "cpu": [
        "x64"
      ],
      "license": "MIT",
      "optional": true,
      "os": [
        "linux"
      ],
      "engines": {
        "node": ">= 10"
      }
    },
    "node_modules/@next/swc-win32-arm64-msvc": {
      "version": "16.1.6",
      "resolved": "https://registry.npmjs.org/@next/swc-win32-arm64-msvc/-/swc-win32-arm64-msvc-16.1.6.tgz",
      "integrity": "sha512-gQmm8izDTPgs+DCWH22kcDmuUp7NyiJgEl18bcr8irXA5N2m2O+JQIr6f3ct42GOs9c0h8QF3L5SzIxcYAAXXw==",
      "cpu": [
        "arm64"
      ],
      "license": "MIT",
      "optional": true,
      "os": [
        "win32"
      ],
      "engines": {
        "node": ">= 10"
      }
    },
    "node_modules/@next/swc-win32-x64-msvc": {
      "version": "16.1.6",
      "resolved": "https://registry.npmjs.org/@next/swc-win32-x64-msvc/-/swc-win32-x64-msvc-16.1.6.tgz",
      "integrity": "sha512-NRfO39AIrzBnixKbjuo2YiYhB6o9d8v/ymU9m/Xk8cyVk+k7XylniXkHwjs4s70wedVffc6bQNbufk5v0xEm0A==",
      "cpu": [
        "x64"
      ],
      "license": "MIT",
      "optional": true,
      "os": [
        "win32"
      ],
      "engines": {
        "node": ">= 10"
      }
    },
    "node_modules/@swc/helpers": {
      "version": "0.5.15",
      "resolved": "https://registry.npmjs.org/@swc/helpers/-/helpers-0.5.15.tgz",
      "integrity": "sha512-JQ5TuMi45Owi4/BIMAJBoSQoOJu12oOk/gADqlcUL9JEdHB8vyjUSsxqeNXnmXHjYKMi2WcYtezGEEhqUI/E2g==",
      "license": "Apache-2.0",
      "dependencies": {
        "tslib": "^2.8.0"
      }
    },
    "node_modules/@types/node": {
      "version": "18.19.130",
      "resolved": "https://registry.npmjs.org/@types/node/-/node-18.19.130.tgz",
      "integrity": "sha512-GRaXQx6jGfL8sKfaIDD6OupbIHBr9jv7Jnaml9tB7l4v068PAOXqfcujMMo5PhbIs6ggR1XODELqahT2R8v0fg==",
      "license": "MIT",
      "dependencies": {
        "undici-types": "~5.26.4"
      }
    },
    "node_modules/@types/node-fetch": {
      "version": "2.6.13",
      "resolved": "https://registry.npmjs.org/@types/node-fetch/-/node-fetch-2.6.13.tgz",
      "integrity": "sha512-QGpRVpzSaUs30JBSGPjOg4Uveu384erbHBoT1zeONvyCfwQxIkUshLAOqN/k9EjGviPRmWTTe6aH2qySWKTVSw==",
      "license": "MIT",
      "dependencies": {
        "@types/node": "*",
        "form-data": "^4.0.4"
      }
    },
    "node_modules/abort-controller": {
      "version": "3.0.0",
      "resolved": "https://registry.npmjs.org/abort-controller/-/abort-controller-3.0.0.tgz",
      "integrity": "sha512-h8lQ8tacZYnR3vNQTgibj+tODHI5/+l06Au2Pcriv/Gmet0eaj4TwWH41sO9wnHDiQsEj19q0drzdWdeAHtweg==",
      "license": "MIT",
      "dependencies": {
        "event-target-shim": "^5.0.0"
      },
      "engines": {
        "node": ">=6.5"
      }
    },
    "node_modules/agentkeepalive": {
      "version": "4.6.0",
      "resolved": "https://registry.npmjs.org/agentkeepalive/-/agentkeepalive-4.6.0.tgz",
      "integrity": "sha512-kja8j7PjmncONqaTsB8fQ+wE2mSU2DJ9D4XKoJ5PFWIdRMa6SLSN1ff4mOr4jCbfRSsxR4keIiySJU0N9T5hIQ==",
      "license": "MIT",
      "dependencies": {
        "humanize-ms": "^1.2.1"
      },
      "engines": {
        "node": ">= 8.0.0"
      }
    },
    "node_modules/asynckit": {
      "version": "0.4.0",
      "resolved": "https://registry.npmjs.org/asynckit/-/asynckit-0.4.0.tgz",
      "integrity": "sha512-Oei9OH4tRh0YqU3GxhX79dM/mwVgvbZJaSNaRk+bshkj0S5cfHcgYakreBjrHwatXKbz+IoIdYLxrKim2MjW0Q==",
      "license": "MIT"
    },
    "node_modules/baseline-browser-mapping": {
      "version": "2.9.19",
      "resolved": "https://registry.npmjs.org/baseline-browser-mapping/-/baseline-browser-mapping-2.9.19.tgz",
      "integrity": "sha512-ipDqC8FrAl/76p2SSWKSI+H9tFwm7vYqXQrItCuiVPt26Km0jS+NzSsBWAaBusvSbQcfJG+JitdMm+wZAgTYqg==",
      "license": "Apache-2.0",
      "bin": {
        "baseline-browser-mapping": "dist/cli.js"
      }
    },
    "node_modules/call-bind-apply-helpers": {
      "version": "1.0.2",
      "resolved": "https://registry.npmjs.org/call-bind-apply-helpers/-/call-bind-apply-helpers-1.0.2.tgz",
      "integrity": "sha512-Sp1ablJ0ivDkSzjcaJdxEunN5/XvksFJ2sMBFfq6x0ryhQV/2b/KwFe21cMpmHtPOSij8K99/wSfoEuTObmuMQ==",
      "license": "MIT",
      "dependencies": {
        "es-errors": "^1.3.0",
        "function-bind": "^1.1.2"
      },
      "engines": {
        "node": ">= 0.4"
      }
    },
    "node_modules/caniuse-lite": {
      "version": "1.0.30001767",
      "resolved": "https://registry.npmjs.org/caniuse-lite/-/caniuse-lite-1.0.30001767.tgz",
      "integrity": "sha512-34+zUAMhSH+r+9eKmYG+k2Rpt8XttfE4yXAjoZvkAPs15xcYQhyBYdalJ65BzivAvGRMViEjy6oKr/S91loekQ==",
      "funding": [
        {
          "type": "opencollective",
          "url": "https://opencollective.com/browserslist"
        },
        {
          "type": "tidelift",
          "url": "https://tidelift.com/funding/github/npm/caniuse-lite"
        },
        {
          "type": "github",
          "url": "https://github.com/sponsors/ai"
        }
      ],
      "license": "CC-BY-4.0"
    },
    "node_modules/client-only": {
      "version": "0.0.1",
      "resolved": "https://registry.npmjs.org/client-only/-/client-only-0.0.1.tgz",
      "integrity": "sha512-IV3Ou0jSMzZrd3pZ48nLkT9DA7Ag1pnPzaiQhpW7c3RbcqqzvzzVu+L8gfqMp/8IM2MQtSiqaCxrrcfu8I8rMA==",
      "license": "MIT"
    },
    "node_modules/combined-stream": {
      "version": "1.0.8",
      "resolved": "https://registry.npmjs.org/combined-stream/-/combined-stream-1.0.8.tgz",
      "integrity": "sha512-FQN4MRfuJeHf7cBbBMJFXhKSDq+2kAArBlmRBvcvFE5BB1HZKXtSFASDhdlz9zOYwxh8lDdnvmMOe/+5cdoEdg==",
      "license": "MIT",
      "dependencies": {
        "delayed-stream": "~1.0.0"
      },
      "engines": {
        "node": ">= 0.8"
      }
    },
    "node_modules/delayed-stream": {
      "version": "1.0.0",
      "resolved": "https://registry.npmjs.org/delayed-stream/-/delayed-stream-1.0.0.tgz",
      "integrity": "sha512-ZySD7Nf91aLB0RxL4KGrKHBXl7Eds1DAmEdcoVawXnLD7SDhpNgtuII2aAkg7a7QS41jxPSZ17p4VdGnMHk3MQ==",
      "license": "MIT",
      "engines": {
        "node": ">=0.4.0"
      }
    },
    "node_modules/detect-libc": {
      "version": "2.1.2",
      "resolved": "https://registry.npmjs.org/detect-libc/-/detect-libc-2.1.2.tgz",
      "integrity": "sha512-Btj2BOOO83o3WyH59e8MgXsxEQVcarkUOpEYrubB0urwnN10yQ364rsiByU11nZlqWYZm05i/of7io4mzihBtQ==",
      "license": "Apache-2.0",
      "optional": true,
      "engines": {
        "node": ">=8"
      }
    },
    "node_modules/dunder-proto": {
      "version": "1.0.1",
      "resolved": "https://registry.npmjs.org/dunder-proto/-/dunder-proto-1.0.1.tgz",
      "integrity": "sha512-KIN/nDJBQRcXw0MLVhZE9iQHmG68qAVIBg9CqmUYjmQIhgij9U5MFvrqkUL5FbtyyzZuOeOt0zdeRe4UY7ct+A==",
      "license": "MIT",
      "dependencies": {
        "call-bind-apply-helpers": "^1.0.1",
        "es-errors": "^1.3.0",
        "gopd": "^1.2.0"
      },
      "engines": {
        "node": ">= 0.4"
      }
    },
    "node_modules/es-define-property": {
      "version": "1.0.1",
      "resolved": "https://registry.npmjs.org/es-define-property/-/es-define-property-1.0.1.tgz",
      "integrity": "sha512-e3nRfgfUZ4rNGL232gUgX06QNyyez04KdjFrF+LTRoOXmrOgFKDg4BCdsjW8EnT69eqdYGmRpJwiPVYNrCaW3g==",
      "license": "MIT",
      "engines": {
        "node": ">= 0.4"
      }
    },
    "node_modules/es-errors": {
      "version": "1.3.0",
      "resolved": "https://registry.npmjs.org/es-errors/-/es-errors-1.3.0.tgz",
      "integrity": "sha512-Zf5H2Kxt2xjTvbJvP2ZWLEICxA6j+hAmMzIlypy4xcBg1vKVnx89Wy0GbS+kf5cwCVFFzdCFh2XSCFNULS6csw==",
      "license": "MIT",
      "engines": {
        "node": ">= 0.4"
      }
    },
    "node_modules/es-object-atoms": {
      "version": "1.1.1",
      "resolved": "https://registry.npmjs.org/es-object-atoms/-/es-object-atoms-1.1.1.tgz",
      "integrity": "sha512-FGgH2h8zKNim9ljj7dankFPcICIK9Cp5bm+c2gQSYePhpaG5+esrLODihIorn+Pe6FGJzWhXQotPv73jTaldXA==",
      "license": "MIT",
      "dependencies": {
        "es-errors": "^1.3.0"
      },
      "engines": {
        "node": ">= 0.4"
      }
    },
    "node_modules/es-set-tostringtag": {
      "version": "2.1.0",
      "resolved": "https://registry.npmjs.org/es-set-tostringtag/-/es-set-tostringtag-2.1.0.tgz",
      "integrity": "sha512-j6vWzfrGVfyXxge+O0x5sh6cvxAog0a/4Rdd2K36zCMV5eJ+/+tOAngRO8cODMNWbVRdVlmGZQL2YS3yR8bIUA==",
      "license": "MIT",
      "dependencies": {
        "es-errors": "^1.3.0",
        "get-intrinsic": "^1.2.6",
        "has-tostringtag": "^1.0.2",
        "hasown": "^2.0.2"
      },
      "engines": {
        "node": ">= 0.4"
      }
    },
    "node_modules/event-target-shim": {
      "version": "5.0.1",
      "resolved": "https://registry.npmjs.org/event-target-shim/-/event-target-shim-5.0.1.tgz",
      "integrity": "sha512-i/2XbnSz/uxRCU6+NdVJgKWDTM427+MqYbkQzD321DuCQJUqOuJKIA0IM2+W2xtYHdKOmZ4dR6fExsd4SXL+WQ==",
      "license": "MIT",
      "engines": {
        "node": ">=6"
      }
    },
    "node_modules/form-data": {
      "version": "4.0.5",
      "resolved": "https://registry.npmjs.org/form-data/-/form-data-4.0.5.tgz",
      "integrity": "sha512-8RipRLol37bNs2bhoV67fiTEvdTrbMUYcFTiy3+wuuOnUog2QBHCZWXDRijWQfAkhBj2Uf5UnVaiWwA5vdd82w==",
      "license": "MIT",
      "dependencies": {
        "asynckit": "^0.4.0",
        "combined-stream": "^1.0.8",
        "es-set-tostringtag": "^2.1.0",
        "hasown": "^2.0.2",
        "mime-types": "^2.1.12"
      },
      "engines": {
        "node": ">= 6"
      }
    },
    "node_modules/form-data-encoder": {
      "version": "1.7.2",
      "resolved": "https://registry.npmjs.org/form-data-encoder/-/form-data-encoder-1.7.2.tgz",
      "integrity": "sha512-qfqtYan3rxrnCk1VYaA4H+Ms9xdpPqvLZa6xmMgFvhO32x7/3J/ExcTd6qpxM0vH2GdMI+poehyBZvqfMTto8A==",
      "license": "MIT"
    },
    "node_modules/formdata-node": {
      "version": "4.4.1",
      "resolved": "https://registry.npmjs.org/formdata-node/-/formdata-node-4.4.1.tgz",
      "integrity": "sha512-0iirZp3uVDjVGt9p49aTaqjk84TrglENEDuqfdlZQ1roC9CWlPk6Avf8EEnZNcAqPonwkG35x4n3ww/1THYAeQ==",
      "license": "MIT",
      "dependencies": {
        "node-domexception": "1.0.0",
        "web-streams-polyfill": "4.0.0-beta.3"
      },
      "engines": {
        "node": ">= 12.20"
      }
    },
    "node_modules/function-bind": {
      "version": "1.1.2",
      "resolved": "https://registry.npmjs.org/function-bind/-/function-bind-1.1.2.tgz",
      "integrity": "sha512-7XHNxH7qX9xG5mIwxkhumTox/MIRNcOgDrxWsMt2pAr23WHp6MrRlN7FBSFpCpr+oVO0F744iUgR82nJMfG2SA==",
      "license": "MIT",
      "funding": {
        "url": "https://github.com/sponsors/ljharb"
      }
    },
    "node_modules/get-intrinsic": {
      "version": "1.3.0",
      "resolved": "https://registry.npmjs.org/get-intrinsic/-/get-intrinsic-1.3.0.tgz",
      "integrity": "sha512-9fSjSaos/fRIVIp+xSJlE6lfwhES7LNtKaCBIamHsjr2na1BiABJPo0mOjjz8GJDURarmCPGqaiVg5mfjb98CQ==",
      "license": "MIT",
      "dependencies": {
        "call-bind-apply-helpers": "^1.0.2",
        "es-define-property": "^1.0.1",
        "es-errors": "^1.3.0",
        "es-object-atoms": "^1.1.1",
        "function-bind": "^1.1.2",
        "get-proto": "^1.0.1",
        "gopd": "^1.2.0",
        "has-symbols": "^1.1.0",
        "hasown": "^2.0.2",
        "math-intrinsics": "^1.1.0"
      },
      "engines": {
        "node": ">= 0.4"
      },
      "funding": {
        "url": "https://github.com/sponsors/ljharb"
      }
    },
    "node_modules/get-proto": {
      "version": "1.0.1",
      "resolved": "https://registry.npmjs.org/get-proto/-/get-proto-1.0.1.tgz",
      "integrity": "sha512-sTSfBjoXBp89JvIKIefqw7U2CCebsc74kiY6awiGogKtoSGbgjYE/G/+l9sF3MWFPNc9IcoOC4ODfKHfxFmp0g==",
      "license": "MIT",
      "dependencies": {
        "dunder-proto": "^1.0.1",
        "es-object-atoms": "^1.0.0"
      },
      "engines": {
        "node": ">= 0.4"
      }
    },
    "node_modules/gopd": {
      "version": "1.2.0",
      "resolved": "https://registry.npmjs.org/gopd/-/gopd-1.2.0.tgz",
      "integrity": "sha512-ZUKRh6/kUFoAiTAtTYPZJ3hw9wNxx+BIBOijnlG9PnrJsCcSjs1wyyD6vJpaYtgnzDrKYRSqf3OO6Rfa93xsRg==",
      "license": "MIT",
      "engines": {
        "node": ">= 0.4"
      },
      "funding": {
        "url": "https://github.com/sponsors/ljharb"
      }
    },
    "node_modules/groq-sdk": {
      "version": "0.37.0",
      "resolved": "https://registry.npmjs.org/groq-sdk/-/groq-sdk-0.37.0.tgz",
      "integrity": "sha512-lT72pcT8b/X5XrzdKf+rWVzUGW1OQSKESmL8fFN5cTbsf02gq6oFam4SVeNtzELt9cYE2Pt3pdGgSImuTbHFDg==",
      "license": "Apache-2.0",
      "dependencies": {
        "@types/node": "^18.11.18",
        "@types/node-fetch": "^2.6.4",
        "abort-controller": "^3.0.0",
        "agentkeepalive": "^4.2.1",
        "form-data-encoder": "1.7.2",
        "formdata-node": "^4.3.2",
        "node-fetch": "^2.6.7"
      }
    },
    "node_modules/has-symbols": {
      "version": "1.1.0",
      "resolved": "https://registry.npmjs.org/has-symbols/-/has-symbols-1.1.0.tgz",
      "integrity": "sha512-1cDNdwJ2Jaohmb3sg4OmKaMBwuC48sYni5HUw2DvsC8LjGTLK9h+eb1X6RyuOHe4hT0ULCW68iomhjUoKUqlPQ==",
      "license": "MIT",
      "engines": {
        "node": ">= 0.4"
      },
      "funding": {
        "url": "https://github.com/sponsors/ljharb"
      }
    },
    "node_modules/has-tostringtag": {
      "version": "1.0.2",
      "resolved": "https://registry.npmjs.org/has-tostringtag/-/has-tostringtag-1.0.2.tgz",
      "integrity": "sha512-NqADB8VjPFLM2V0VvHUewwwsw0ZWBaIdgo+ieHtK3hasLz4qeCRjYcqfB6AQrBggRKppKF8L52/VqdVsO47Dlw==",
      "license": "MIT",
      "dependencies": {
        "has-symbols": "^1.0.3"
      },
      "engines": {
        "node": ">= 0.4"
      },
      "funding": {
        "url": "https://github.com/sponsors/ljharb"
      }
    },
    "node_modules/hasown": {
      "version": "2.0.2",
      "resolved": "https://registry.npmjs.org/hasown/-/hasown-2.0.2.tgz",
      "integrity": "sha512-0hJU9SCPvmMzIBdZFqNPXWa6dqh7WdH0cII9y+CyS8rG3nL48Bclra9HmKhVVUHyPWNH5Y7xDwAB7bfgSjkUMQ==",
      "license": "MIT",
      "dependencies": {
        "function-bind": "^1.1.2"
      },
      "engines": {
        "node": ">= 0.4"
      }
    },
    "node_modules/humanize-ms": {
      "version": "1.2.1",
      "resolved": "https://registry.npmjs.org/humanize-ms/-/humanize-ms-1.2.1.tgz",
      "integrity": "sha512-Fl70vYtsAFb/C06PTS9dZBo7ihau+Tu/DNCk/OyHhea07S+aeMWpFFkUaXRa8fI+ScZbEI8dfSxwY7gxZ9SAVQ==",
      "license": "MIT",
      "dependencies": {
        "ms": "^2.0.0"
      }
    },
    "node_modules/math-intrinsics": {
      "version": "1.1.0",
      "resolved": "https://registry.npmjs.org/math-intrinsics/-/math-intrinsics-1.1.0.tgz",
      "integrity": "sha512-/IXtbwEk5HTPyEwyKX6hGkYXxM9nbj64B+ilVJnC/R6B0pH5G4V3b0pVbL7DBj4tkhBAppbQUlf6F6Xl9LHu1g==",
      "license": "MIT",
      "engines": {
        "node": ">= 0.4"
      }
    },
    "node_modules/mime-db": {
      "version": "1.52.0",
      "resolved": "https://registry.npmjs.org/mime-db/-/mime-db-1.52.0.tgz",
      "integrity": "sha512-sPU4uV7dYlvtWJxwwxHD0PuihVNiE7TyAbQ5SWxDCB9mUYvOgroQOwYQQOKPJ8CIbE+1ETVlOoK1UC2nU3gYvg==",
      "license": "MIT",
      "engines": {
        "node": ">= 0.6"
      }
    },
    "node_modules/mime-types": {
      "version": "2.1.35",
      "resolved": "https://registry.npmjs.org/mime-types/-/mime-types-2.1.35.tgz",
      "integrity": "sha512-ZDY+bPm5zTTF+YpCrAU9nK0UgICYPT0QtT1NZWFv4s++TNkcgVaT0g6+4R2uI4MjQjzysHB1zxuWL50hzaeXiw==",
      "license": "MIT",
      "dependencies": {
        "mime-db": "1.52.0"
      },
      "engines": {
        "node": ">= 0.6"
      }
    },
    "node_modules/ms": {
      "version": "2.1.3",
      "resolved": "https://registry.npmjs.org/ms/-/ms-2.1.3.tgz",
      "integrity": "sha512-6FlzubTLZG3J2a/NVCAleEhjzq5oxgHyaCU9yYXvcLsvoVaHJq/s5xXI6/XXP6tz7R9xAOtHnSO/tXtF3WRTlA==",
      "license": "MIT"
    },
    "node_modules/nanoid": {
      "version": "3.3.11",
      "resolved": "https://registry.npmjs.org/nanoid/-/nanoid-3.3.11.tgz",
      "integrity": "sha512-N8SpfPUnUp1bK+PMYW8qSWdl9U+wwNWI4QKxOYDy9JAro3WMX7p2OeVRF9v+347pnakNevPmiHhNmZ2HbFA76w==",
      "funding": [
        {
          "type": "github",
          "url": "https://github.com/sponsors/ai"
        }
      ],
      "license": "MIT",
      "bin": {
        "nanoid": "bin/nanoid.cjs"
      },
      "engines": {
        "node": "^10 || ^12 || ^13.7 || ^14 || >=15.0.1"
      }
    },
    "node_modules/next": {
      "version": "16.1.6",
      "resolved": "https://registry.npmjs.org/next/-/next-16.1.6.tgz",
      "integrity": "sha512-hkyRkcu5x/41KoqnROkfTm2pZVbKxvbZRuNvKXLRXxs3VfyO0WhY50TQS40EuKO9SW3rBj/sF3WbVwDACeMZyw==",
      "license": "MIT",
      "dependencies": {
        "@next/env": "16.1.6",
        "@swc/helpers": "0.5.15",
        "baseline-browser-mapping": "^2.8.3",
        "caniuse-lite": "^1.0.30001579",
        "postcss": "8.4.31",
        "styled-jsx": "5.1.6"
      },
      "bin": {
        "next": "dist/bin/next"
      },
      "engines": {
        "node": ">=20.9.0"
      },
      "optionalDependencies": {
        "@next/swc-darwin-arm64": "16.1.6",
        "@next/swc-darwin-x64": "16.1.6",
        "@next/swc-linux-arm64-gnu": "16.1.6",
        "@next/swc-linux-arm64-musl": "16.1.6",
        "@next/swc-linux-x64-gnu": "16.1.6",
        "@next/swc-linux-x64-musl": "16.1.6",
        "@next/swc-win32-arm64-msvc": "16.1.6",
        "@next/swc-win32-x64-msvc": "16.1.6",
        "sharp": "^0.34.4"
      },
      "peerDependencies": {
        "@opentelemetry/api": "^1.1.0",
        "@playwright/test": "^1.51.1",
        "babel-plugin-react-compiler": "*",
        "react": "^18.2.0 || 19.0.0-rc-de68d2f4-20241204 || ^19.0.0",
        "react-dom": "^18.2.0 || 19.0.0-rc-de68d2f4-20241204 || ^19.0.0",
        "sass": "^1.3.0"
      },
      "peerDependenciesMeta": {
        "@opentelemetry/api": {
          "optional": true
        },
        "@playwright/test": {
          "optional": true
        },
        "babel-plugin-react-compiler": {
          "optional": true
        },
        "sass": {
          "optional": true
        }
      }
    },
    "node_modules/node-domexception": {
      "version": "1.0.0",
      "resolved": "https://registry.npmjs.org/node-domexception/-/node-domexception-1.0.0.tgz",
      "integrity": "sha512-/jKZoMpw0F8GRwl4/eLROPA3cfcXtLApP0QzLmUT/HuPCZWyB7IY9ZrMeKw2O/nFIqPQB3PVM9aYm0F312AXDQ==",
      "deprecated": "Use your platform's native DOMException instead",
      "funding": [
        {
          "type": "github",
          "url": "https://github.com/sponsors/jimmywarting"
        },
        {
          "type": "github",
          "url": "https://paypal.me/jimmywarting"
        }
      ],
      "license": "MIT",
      "engines": {
        "node": ">=10.5.0"
      }
    },
    "node_modules/node-fetch": {
      "version": "2.7.0",
      "resolved": "https://registry.npmjs.org/node-fetch/-/node-fetch-2.7.0.tgz",
      "integrity": "sha512-c4FRfUm/dbcWZ7U+1Wq0AwCyFL+3nt2bEw05wfxSz+DWpWsitgmSgYmy2dQdWyKC1694ELPqMs/YzUSNozLt8A==",
      "license": "MIT",
      "dependencies": {
        "whatwg-url": "^5.0.0"
      },
      "engines": {
        "node": "4.x || >=6.0.0"
      },
      "peerDependencies": {
        "encoding": "^0.1.0"
      },
      "peerDependenciesMeta": {
        "encoding": {
          "optional": true
        }
      }
    },
    "node_modules/picocolors": {
      "version": "1.1.1",
      "resolved": "https://registry.npmjs.org/picocolors/-/picocolors-1.1.1.tgz",
      "integrity": "sha512-xceH2snhtb5M9liqDsmEw56le376mTZkEX/jEb/RxNFyegNul7eNslCXP9FDj/Lcu0X8KEyMceP2ntpaHrDEVA==",
      "license": "ISC"
    },
    "node_modules/postcss": {
      "version": "8.4.31",
      "resolved": "https://registry.npmjs.org/postcss/-/postcss-8.4.31.tgz",
      "integrity": "sha512-PS08Iboia9mts/2ygV3eLpY5ghnUcfLV/EXTOW1E2qYxJKGGBUtNjN76FYHnMs36RmARn41bC0AZmn+rR0OVpQ==",
      "funding": [
        {
          "type": "opencollective",
          "url": "https://opencollective.com/postcss/"
        },
        {
          "type": "tidelift",
          "url": "https://tidelift.com/funding/github/npm/postcss"
        },
        {
          "type": "github",
          "url": "https://github.com/sponsors/ai"
        }
      ],
      "license": "MIT",
      "dependencies": {
        "nanoid": "^3.3.6",
        "picocolors": "^1.0.0",
        "source-map-js": "^1.0.2"
      },
      "engines": {
        "node": "^10 || ^12 || >=14"
      }
    },
    "node_modules/react": {
      "version": "19.2.4",
      "resolved": "https://registry.npmjs.org/react/-/react-19.2.4.tgz",
      "integrity": "sha512-9nfp2hYpCwOjAN+8TZFGhtWEwgvWHXqESH8qT89AT/lWklpLON22Lc8pEtnpsZz7VmawabSU0gCjnj8aC0euHQ==",
      "license": "MIT",
      "peer": true,
      "engines": {
        "node": ">=0.10.0"
      }
    },
    "node_modules/react-dom": {
      "version": "19.2.4",
      "resolved": "https://registry.npmjs.org/react-dom/-/react-dom-19.2.4.tgz",
      "integrity": "sha512-AXJdLo8kgMbimY95O2aKQqsz2iWi9jMgKJhRBAxECE4IFxfcazB2LmzloIoibJI3C12IlY20+KFaLv+71bUJeQ==",
      "license": "MIT",
      "peer": true,
      "dependencies": {
        "scheduler": "^0.27.0"
      },
      "peerDependencies": {
        "react": "^19.2.4"
      }
    },
    "node_modules/scheduler": {
      "version": "0.27.0",
      "resolved": "https://registry.npmjs.org/scheduler/-/scheduler-0.27.0.tgz",
      "integrity": "sha512-eNv+WrVbKu1f3vbYJT/xtiF5syA5HPIMtf9IgY/nKg0sWqzAUEvqY/xm7OcZc/qafLx/iO9FgOmeSAp4v5ti/Q==",
      "license": "MIT"
    },
    "node_modules/semver": {
      "version": "7.7.3",
      "resolved": "https://registry.npmjs.org/semver/-/semver-7.7.3.tgz",
      "integrity": "sha512-SdsKMrI9TdgjdweUSR9MweHA4EJ8YxHn8DFaDisvhVlUOe4BF1tLD7GAj0lIqWVl+dPb/rExr0Btby5loQm20Q==",
      "license": "ISC",
      "optional": true,
      "bin": {
        "semver": "bin/semver.js"
      },
      "engines": {
        "node": ">=10"
      }
    },
    "node_modules/sharp": {
      "version": "0.34.5",
      "resolved": "https://registry.npmjs.org/sharp/-/sharp-0.34.5.tgz",
      "integrity": "sha512-Ou9I5Ft9WNcCbXrU9cMgPBcCK8LiwLqcbywW3t4oDV37n1pzpuNLsYiAV8eODnjbtQlSDwZ2cUEeQz4E54Hltg==",
      "hasInstallScript": true,
      "license": "Apache-2.0",
      "optional": true,
      "dependencies": {
        "@img/colour": "^1.0.0",
        "detect-libc": "^2.1.2",
        "semver": "^7.7.3"
      },
      "engines": {
        "node": "^18.17.0 || ^20.3.0 || >=21.0.0"
      },
      "funding": {
        "url": "https://opencollective.com/libvips"
      },
      "optionalDependencies": {
        "@img/sharp-darwin-arm64": "0.34.5",
        "@img/sharp-darwin-x64": "0.34.5",
        "@img/sharp-libvips-darwin-arm64": "1.2.4",
        "@img/sharp-libvips-darwin-x64": "1.2.4",
        "@img/sharp-libvips-linux-arm": "1.2.4",
        "@img/sharp-libvips-linux-arm64": "1.2.4",
        "@img/sharp-libvips-linux-ppc64": "1.2.4",
        "@img/sharp-libvips-linux-riscv64": "1.2.4",
        "@img/sharp-libvips-linux-s390x": "1.2.4",
        "@img/sharp-libvips-linux-x64": "1.2.4",
        "@img/sharp-libvips-linuxmusl-arm64": "1.2.4",
        "@img/sharp-libvips-linuxmusl-x64": "1.2.4",
        "@img/sharp-linux-arm": "0.34.5",
        "@img/sharp-linux-arm64": "0.34.5",
        "@img/sharp-linux-ppc64": "0.34.5",
        "@img/sharp-linux-riscv64": "0.34.5",
        "@img/sharp-linux-s390x": "0.34.5",
        "@img/sharp-linux-x64": "0.34.5",
        "@img/sharp-linuxmusl-arm64": "0.34.5",
        "@img/sharp-linuxmusl-x64": "0.34.5",
        "@img/sharp-wasm32": "0.34.5",
        "@img/sharp-win32-arm64": "0.34.5",
        "@img/sharp-win32-ia32": "0.34.5",
        "@img/sharp-win32-x64": "0.34.5"
      }
    },
    "node_modules/source-map-js": {
      "version": "1.2.1",
      "resolved": "https://registry.npmjs.org/source-map-js/-/source-map-js-1.2.1.tgz",
      "integrity": "sha512-UXWMKhLOwVKb728IUtQPXxfYU+usdybtUrK/8uGE8CQMvrhOpwvzDBwj0QhSL7MQc7vIsISBG8VQ8+IDQxpfQA==",
      "license": "BSD-3-Clause",
      "engines": {
        "node": ">=0.10.0"
      }
    },
    "node_modules/styled-jsx": {
      "version": "5.1.6",
      "resolved": "https://registry.npmjs.org/styled-jsx/-/styled-jsx-5.1.6.tgz",
      "integrity": "sha512-qSVyDTeMotdvQYoHWLNGwRFJHC+i+ZvdBRYosOFgC+Wg1vx4frN2/RG/NA7SYqqvKNLf39P2LSRA2pu6n0XYZA==",
      "license": "MIT",
      "dependencies": {
        "client-only": "0.0.1"
      },
      "engines": {
        "node": ">= 12.0.0"
      },
      "peerDependencies": {
        "react": ">= 16.8.0 || 17.x.x || ^18.0.0-0 || ^19.0.0-0"
      },
      "peerDependenciesMeta": {
        "@babel/core": {
          "optional": true
        },
        "babel-plugin-macros": {
          "optional": true
        }
      }
    },
    "node_modules/tr46": {
      "version": "0.0.3",
      "resolved": "https://registry.npmjs.org/tr46/-/tr46-0.0.3.tgz",
      "integrity": "sha512-N3WMsuqV66lT30CrXNbEjx4GEwlow3v6rr4mCcv6prnfwhS01rkgyFdjPNBYd9br7LpXV1+Emh01fHnq2Gdgrw==",
      "license": "MIT"
    },
    "node_modules/tslib": {
      "version": "2.8.1",
      "resolved": "https://registry.npmjs.org/tslib/-/tslib-2.8.1.tgz",
      "integrity": "sha512-oJFu94HQb+KVduSUQL7wnpmqnfmLsOA/nAh6b6EH0wCEoK0/mPeXU6c3wKDV83MkOuHPRHtSXKKU99IBazS/2w==",
      "license": "0BSD"
    },
    "node_modules/undici-types": {
      "version": "5.26.5",
      "resolved": "https://registry.npmjs.org/undici-types/-/undici-types-5.26.5.tgz",
      "integrity": "sha512-JlCMO+ehdEIKqlFxk6IfVoAUVmgz7cU7zD/h9XZ0qzeosSHmUJVOzSQvvYSYWXkFXC+IfLKSIffhv0sVZup6pA==",
      "license": "MIT"
    },
    "node_modules/web-streams-polyfill": {
      "version": "4.0.0-beta.3",
      "resolved": "https://registry.npmjs.org/web-streams-polyfill/-/web-streams-polyfill-4.0.0-beta.3.tgz",
      "integrity": "sha512-QW95TCTaHmsYfHDybGMwO5IJIM93I/6vTRk+daHTWFPhwh+C8Cg7j7XyKrwrj8Ib6vYXe0ocYNrmzY4xAAN6ug==",
      "license": "MIT",
      "engines": {
        "node": ">= 14"
      }
    },
    "node_modules/webidl-conversions": {
      "version": "3.0.1",
      "resolved": "https://registry.npmjs.org/webidl-conversions/-/webidl-conversions-3.0.1.tgz",
      "integrity": "sha512-2JAn3z8AR6rjK8Sm8orRC0h/bcl/DqL7tRPdGZ4I1CjdF+EaMLmYxBHyXuKL849eucPFhvBoxMsflfOb8kxaeQ==",
      "license": "BSD-2-Clause"
    },
    "node_modules/whatwg-url": {
      "version": "5.0.0",
      "resolved": "https://registry.npmjs.org/whatwg-url/-/whatwg-url-5.0.0.tgz",
      "integrity": "sha512-saE57nupxk6v3HY35+jzBwYa0rKSy0XR8JSxZPwgLr7ys0IBzhGviA1/TUGJLmSVqs8pb9AnvICXEuOHLprYTw==",
      "license": "MIT",
      "dependencies": {
        "tr46": "~0.0.3",
        "webidl-conversions": "^3.0.0"
      }
    }
  }
}
